Playing Time,,,,Performance,,,,,,,,Expected,,,,Progression,,,Per 90 Minutes,,,,,,,,,,,,,,,,,
Rk,Player,Nation,Pos,Squad,Age,Born,MP,Starts,Min,90s,Gls,Ast,G+A,G-PK,PK,PKatt,CrdY,CrdR,xG-90,npxG-90,xAG-90,npxG+xAG-90,PrgC-90,PrgP-90,PrgR-90,Gls-90,Ast-90,G+A-90,G-PK-90,G+A-PK-90,xG-90,xAG-90,xG+xAG-90,npxG-90,npxG+xAG-90,Matches
1,Friederike Abt,de GER,GK,Leverkusen,30,1994,20,20,"1,800",20,0,0,0,0,0,0,0,0,0,0,0,0,0,0,0,0,0,0,0,0,0,0,0,0,0,Matches
2,Adriana Achci?ska,pl POL,MF,Köln,22,2002,22,22,"1,876",20.8,2,0,2,2,0,1,4,0,2.3,1.4,1.4,2.9,12,69,16,0.1,0,0.1,0.1,0.1,0.11,0.07,0.18,0.07,0.14,Matches
3,Rebecca Adamczyk,de GER,GK,Freiburg,19,2005,2,2,180,2,0,0,0,0,0,0,0,0,0,0,0,0,0,1,0,0,0,0,0,0,0,0,0,0,0,Matches
4,Anna Aehling,de GER,DF,Eint Frankfurt,23,2001,11,2,339,3.8,0,1,1,0,0,0,0,0,0.3,0.3,0.1,0.4,3,14,4,0,0.27,0.27,0,0.27,0.09,0.02,0.11,0.09,0.11,Matches
5,Sara Agrež,si SVN,DF,Köln,23,2000,10,8,779,8.7,0,0,0,0,0,0,1,0,0.6,0.6,0.7,1.3,7,34,10,0,0,0,0,0,0.07,0.08,0.15,0.07,0.15,Matches
6,Mara Alber,de GER,"FW,MF",Hoffenheim,18,2005,6,1,131,1.5,0,1,1,0,0,0,0,0,0.3,0.3,0.5,0.8,5,4,13,0,0.69,0.69,0,0.69,0.21,0.31,0.52,0.21,0.52,Matches
7,Aline Allmann,de GER,GK,Essen,29,1994,1,1,90,1,0,0,0,0,0,0,0,0,0,0,0,0,0,0,0,0,0,0,0,0,0,0,0,0,0,Matches
8,Lydia Andrade,ch SUI,"DF,MF",RB Leipzig,25,1999,15,9,878,9.8,1,2,3,1,0,0,4,0,2.2,2.2,1.5,3.7,26,21,56,0.1,0.21,0.31,0.1,0.31,0.22,0.16,0.38,0.22,0.38,Matches
9,Nicole Anyomi,de GER,"FW,MF",Eint Frankfurt,24,2000,22,15,"1,323",14.7,14,6,20,14,0,0,0,0,9.6,9.6,3.2,12.8,39,48,124,0.95,0.41,1.36,0.95,1.36,0.65,0.22,0.87,0.65,0.87,Matches
10,Amira Arfaoui,ch SUI,"MF,FW",Werder Bremen,24,1999,20,9,839,9.3,1,1,2,1,0,0,3,0,1,1,0.4,1.4,17,32,42,0.11,0.11,0.21,0.11,0.21,0.11,0.05,0.15,0.11,0.15,Matches
11,Emilía Ásgeirsdóttir,is ISL,"FW,MF",RB Leipzig,19,2005,10,6,557,6.2,2,0,2,2,0,0,0,0,1,1,0.4,1.5,9,10,35,0.32,0,0.32,0.32,0.32,0.17,0.07,0.24,0.17,0.24,Matches
12,Alina Axtmann,de GER,DF,Freiburg,19,2005,14,10,927,10.3,0,0,0,0,0,0,0,0,0.5,0.5,0,0.5,6,25,1,0,0,0,0,0,0.05,0,0.05,0.05,0.05,Matches
13,Lany Bäcker,de GER,MF,Essen,16,2008,1,0,4,0,0,0,0,0,0,0,0,0,0,0,0,0,0,0,0,0,0,0,0,0,0,0,0,0,0,Matches
14,Paulina Bartz,de GER,"MF,FW",Leverkusen,19,2005,3,0,30,0.3,0,0,0,0,0,0,0,0,0.1,0.1,0,0.1,0,1,0,0,0,0,0,0,0.27,0,0.27,0.27,0.27,Matches
15,Sharon Beck,il ISR,MF,Werder Bremen,29,1995,3,1,137,1.5,0,0,0,0,0,0,0,0,0.2,0.2,0,0.2,0,9,1,0,0,0,0,0,0.14,0,0.14,0.14,0.14,Matches
16,Lineth Beerensteyn,nl NED,"FW,MF",Wolfsburg,27,1996,20,17,"1,514",16.8,17,1,18,17,0,1,2,0,15.2,14.5,1.6,16.1,35,19,113,1.01,0.06,1.07,1.01,1.07,0.9,0.1,1,0.86,0.96,Matches
17,Loreen Bender,de GER,MF,Leverkusen,18,2005,13,11,770,8.6,1,3,4,1,0,0,2,0,1.6,1.6,2.5,4.1,16,21,40,0.12,0.35,0.47,0.12,0.47,0.19,0.29,0.48,0.19,0.48,Matches
18,Maike Berentzen,de GER,FW,Essen,27,1997,10,2,256,2.8,1,0,1,1,0,0,0,0,1,1,0.1,1.2,2,4,20,0.35,0,0.35,0.35,0.35,0.35,0.05,0.41,0.35,0.41,Matches
19,Emilie Bernhardt,de GER,DF,Turbine Potsdam,22,2002,20,20,"1,800",20,0,2,2,0,0,0,7,0,0.3,0.3,0.4,0.8,4,32,4,0,0.1,0.1,0,0.1,0.02,0.02,0.04,0.02,0.04,Matches
20,Jenny Beyer,de GER,FW,Carl-Zeiss Jena,22,2002,1,0,1,0,0,0,0,0,0,0,0,0,0,0,0,0,0,0,0,0,0,0,0,0,0,0,0,0,0,Matches
21,Amina Bibossynova,kz KAZ,"MF,DF",Turbine Potsdam,18,2005,1,0,31,0.3,0,0,0,0,0,0,0,0,0,0,0.1,0.1,1,0,1,0,0,0,0,0,0,0.15,0.15,0,0.15,Matches
22,Alena Bienz,ch SUI,"FW,MF",Köln,21,2003,21,17,"1,429",15.9,1,1,2,1,0,0,3,0,2.7,2.7,0.7,3.5,36,36,87,0.06,0.06,0.13,0.06,0.13,0.17,0.05,0.22,0.17,0.22,Matches
23,Nicole Billa,at AUT,"FW,MF",Köln,28,1996,18,9,792,8.8,3,0,3,2,1,1,0,0,2.7,2,0.6,2.6,4,12,43,0.34,0,0.34,0.23,0.23,0.31,0.07,0.38,0.23,0.3,Matches
24,Luca-Emily Birkholz,de GER,"FW,MF",Carl-Zeiss Jena,20,2003,17,11,"1,003",11.1,2,0,2,2,0,0,1,0,2.5,2.5,0.4,2.9,17,8,46,0.18,0,0.18,0.18,0.18,0.22,0.03,0.26,0.22,0.26,Matches
25,Rebecka Blomqvist,se SWE,"FW,MF",Wolfsburg,27,1997,16,1,353,3.9,1,0,1,1,0,0,1,0,2.8,2.8,1.5,4.4,13,26,43,0.25,0,0.25,0.25,0.25,0.72,0.39,1.12,0.72,1.12,Matches
26,Tessa Blumenberg,de GER,"FW,MF",Freiburg,19,2005,11,4,367,4.1,2,0,2,2,0,0,1,0,0.7,0.7,0.6,1.3,8,12,19,0.49,0,0.49,0.49,0.49,0.18,0.15,0.33,0.18,0.33,Matches
27,Delice Boboy,de GER,"FW,MF",Leverkusen,17,2006,17,3,566,6.3,4,1,5,4,0,0,1,0,2.4,2.4,1.4,3.8,6,12,41,0.64,0.16,0.8,0.64,0.8,0.38,0.23,0.6,0.38,0.6,Matches
28,Amelie Bohnen,de GER,DF,Köln,22,2001,3,3,270,3,0,0,0,0,0,0,1,0,0,0,0,0,0,6,0,0,0,0,0,0,0,0,0,0,0,Matches
29,Josephine Bonsu,gh GHA,MF,Carl-Zeiss Jena,24,1999,22,20,"1,735",19.3,0,1,1,0,0,0,1,0,0.5,0.5,1.9,2.4,35,42,52,0,0.05,0.05,0,0.05,0.02,0.1,0.12,0.02,0.12,Matches
30,Anneke Borbe,de GER,GK,Wolfsburg,23,2000,10,10,900,10,0,0,0,0,0,0,0,0,0,0,0,0,0,6,0,0,0,0,0,0,0,0,0,0,0,Matches
31,Rafaela Borggräfe,de GER,GK,Freiburg,24,2000,19,19,"1,683",18.7,0,0,0,0,0,0,0,0,0,0,0,0,0,0,1,0,0,0,0,0,0,0,0,0,0,Matches
32,Emilie Bragstad,no NOR,"DF,FW",Leverkusen,22,2001,10,1,147,1.6,0,0,0,0,0,0,0,0,0,0,0.1,0.1,1,4,1,0,0,0,0,0,0,0.04,0.04,0,0.04,Matches
33,Jule Brand,de GER,"FW,MF",Wolfsburg,21,2002,19,17,"1,246",13.8,4,4,8,4,0,0,1,0,5.2,5.2,4.5,9.8,54,44,100,0.29,0.29,0.58,0.29,0.58,0.38,0.33,0.7,0.38,0.7,Matches
34,Michaela Brandenburg,de GER,DF,Werder Bremen,26,1997,6,6,382,4.2,0,0,0,0,0,0,0,0,0.4,0.4,0,0.4,4,16,3,0,0,0,0,0,0.09,0,0.09,0.09,0.09,Matches
35,Barbara Brecht,de GER,FW,RB Leipzig,25,1999,1,0,1,0,0,0,0,0,0,0,0,0,0,0,0,0,0,0,0,0,0,0,0,0,3.17,0,3.17,3.17,3.17,Matches
36,Klara Bühl,de GER,"FW,MF",Bayern Munich,23,2000,22,20,"1,644",18.3,7,13,20,7,0,0,0,0,5.2,5.2,7.5,12.8,60,36,214,0.38,0.71,1.09,0.38,1.09,0.29,0.41,0.7,0.29,0.7,Matches
37,Eileen Campbell,at AUT,"FW,MF",Freiburg,23,2000,11,7,695,7.7,2,2,4,2,0,0,0,0,1.6,1.6,0.5,2.2,11,27,46,0.26,0.26,0.52,0.26,0.52,0.21,0.07,0.28,0.21,0.28,Matches
38,Arianna Caruso,it ITA,MF,Bayern Munich,24,1999,7,2,211,2.3,0,0,0,0,0,0,0,0,0.3,0.3,0.1,0.4,5,13,8,0,0,0,0,0,0.11,0.06,0.17,0.11,0.17,Matches
39,Marta Cazalla,es ESP,DF,Hoffenheim,27,1997,22,22,"1,935",21.5,5,2,7,4,1,1,3,0,4.4,3.7,0.9,4.6,15,97,5,0.23,0.09,0.33,0.19,0.28,0.2,0.04,0.25,0.17,0.21,Matches
40,Selina Cerci,de GER,FW,Hoffenheim,24,2000,20,18,"1,558",17.3,16,3,19,16,0,0,0,0,10.5,10.5,2.5,13,38,28,128,0.92,0.17,1.1,0.92,1.1,0.61,0.14,0.75,0.61,0.75,Matches
41,Remina Chiba,jp JPN,"FW,MF",Eint Frankfurt,25,1999,21,2,431,4.8,7,1,8,7,0,0,0,0,4.6,4.6,1.7,6.3,13,18,40,1.46,0.21,1.67,1.46,1.67,0.96,0.35,1.31,0.96,1.31,Matches
42,Miray Cin,tr TUR,"FW,MF",Freiburg,23,2001,5,0,37,0.4,0,0,0,0,0,0,0,0,0,0,0.5,0.5,1,2,5,0,0,0,0,0,0.07,1.21,1.27,0.07,1.27,Matches
43,Lotta Cordes,de GER,"DF,MF",Köln,23,2001,9,5,461,5.1,0,0,0,0,0,0,0,0,0.4,0.4,0.1,0.4,0,15,0,0,0,0,0,0,0.08,0.01,0.09,0.08,0.09,Matches
44,Gia Corley,de GER,"MF,FW",Hoffenheim,22,2002,9,8,680,7.6,2,3,5,2,0,0,1,0,1.7,1.7,0.7,2.4,14,22,34,0.26,0.4,0.66,0.26,0.66,0.23,0.09,0.32,0.23,0.32,Matches
45,Jennifer Cramer,de GER,"DF,MF",Turbine Potsdam,31,1993,15,15,"1,255",13.9,0,0,0,0,0,0,8,0,0,0,0.5,0.6,0,14,3,0,0,0,0,0,0,0.04,0.04,0,0.04,Matches
46,Michela Croatto,at AUT,"DF,MF",RB Leipzig,22,2002,14,1,326,3.6,0,0,0,0,0,0,2,0,0.1,0.1,0.5,0.5,2,12,8,0,0,0,0,0,0.01,0.14,0.15,0.01,0.15,Matches
47,Ida Daedelow,de GER,MF,Leverkusen,16,2007,4,0,51,0.6,0,0,0,0,0,0,1,0,0,0,0,0,0,2,0,0,0,0,0,0,0.03,0,0.03,0.03,0.03,Matches
48,Amira Dahl,de GER,"FW,DF",Werder Bremen,18,2006,4,0,9,0.1,0,0,0,0,0,0,0,0,0,0,0,0,0,1,1,0,0,0,0,0,0,0,0,0,0,Matches
49,Lena Dahms,de GER,"MF,DF",Werder Bremen,17,2006,6,1,109,1.2,0,0,0,0,0,0,0,0,0,0,0,0,7,8,3,0,0,0,0,0,0,0,0,0,0,Matches
50,Linda Dallmann,de GER,"FW,MF",Bayern Munich,29,1994,18,9,856,9.5,1,2,3,1,0,0,2,0,1.6,1.6,2.2,3.8,15,37,62,0.11,0.21,0.32,0.11,0.32,0.17,0.23,0.4,0.17,0.4,Matches
51,Jovana Damnjanovi?,rs SRB,"MF,FW",Bayern Munich,29,1994,17,8,692,7.7,2,1,3,2,0,0,4,0,1.8,1.8,1.1,3,19,18,52,0.26,0.13,0.39,0.26,0.39,0.23,0.15,0.38,0.23,0.38,Matches
52,Julia Debitzki,de GER,"MF,DF",Essen,33,1991,8,1,162,1.8,0,0,0,0,0,0,1,0,0.4,0.4,0,0.4,2,0,0,0,0,0,0,0,0.24,0,0.24,0.24,0.24,Matches
53,Celina Degen,at AUT,DF,Köln,23,2001,8,3,293,3.3,0,0,0,0,0,0,1,0,0.6,0.6,0,0.6,4,9,1,0,0,0,0,0,0.18,0,0.18,0.18,0.18,Matches
54,Amelie Delabre,fr FRA,FW,Köln,23,2000,2,0,46,0.5,0,0,0,0,0,0,0,0,0.1,0.1,0,0.1,0,0,1,0,0,0,0,0,0.13,0.03,0.15,0.13,0.15,Matches
55,Féli Delacauw,be BEL,"MF,FW",Hoffenheim,22,2002,17,6,606,6.7,3,2,5,3,0,0,1,0,2.5,2.5,1,3.5,7,27,40,0.45,0.3,0.74,0.45,0.74,0.38,0.14,0.52,0.38,0.52,Matches
56,Kristin Demann,de GER,MF,Wolfsburg,31,1993,1,0,4,0,0,0,0,0,0,0,0,0,0,0,0,0,0,2,0,0,0,0,0,0,0,0,0,0,0,Matches
57,Laura Dick,de GER,GK,Hoffenheim,21,2003,22,21,"1,956",21.7,0,0,0,0,0,0,0,0,0,0,0,0,0,4,0,0,0,0,0,0,0,0,0,0,0,Matches
58,Rieke Dieckmann,de GER,"MF,DF",Werder Bremen,27,1996,21,17,"1,349",15,0,0,0,0,0,0,3,0,0.7,0.7,0.2,0.8,11,60,38,0,0,0,0,0,0.04,0.01,0.06,0.04,0.06,Matches
59,Vanessa Diehm,de GER,MF,Hoffenheim,20,2004,17,15,"1,389",15.4,1,0,1,1,0,0,2,0,0.3,0.3,0.2,0.5,5,65,9,0.06,0,0.06,0.06,0.06,0.02,0.02,0.03,0.02,0.03,Matches
60,Caitlin Dijkstra,nl NED,DF,Wolfsburg,25,1999,12,10,927,10.3,1,1,2,1,0,0,0,0,0.7,0.7,0.4,1.1,15,65,7,0.1,0.1,0.19,0.1,0.19,0.07,0.04,0.11,0.07,0.11,Matches
61,Marike Dommasch,de GER,DF,Turbine Potsdam,17,2006,12,2,442,4.9,0,0,0,0,0,0,1,0,0,0,0.1,0.1,4,4,3,0,0,0,0,0,0,0.01,0.01,0,0.01,Matches
62,Fabienne Dongus,de GER,MF,Hoffenheim,30,1994,15,7,733,8.1,1,1,2,1,0,0,1,0,1.2,1.2,0.4,1.6,3,37,15,0.12,0.12,0.25,0.12,0.25,0.14,0.05,0.2,0.14,0.2,Matches
63,Laura Donhauser,de GER,"DF,MF",Köln,22,2001,19,10,908,10.1,0,0,0,0,0,0,3,0,0.6,0.6,0.9,1.5,18,20,46,0,0,0,0,0,0.06,0.09,0.15,0.06,0.15,Matches
64,Lisa Doorn,nl NED,DF,Hoffenheim,23,2000,20,20,"1,750",19.4,0,1,1,0,0,0,5,0,0.7,0.7,0.2,0.9,17,94,4,0,0.05,0.05,0,0.05,0.04,0.01,0.05,0.04,0.05,Matches
65,Sara Doorsoun,de GER,DF,Eint Frankfurt,32,1991,18,18,"1,458",16.2,4,0,4,0,4,4,1,0,3.6,0.7,0.1,0.8,17,131,7,0.25,0,0.25,0,0,0.22,0.01,0.23,0.04,0.05,Matches
66,Barbara Dunst,at AUT,MF,Eint Frankfurt,26,1997,10,10,842,9.4,1,5,6,1,0,0,2,0,0.9,0.9,3.1,4,17,58,50,0.11,0.53,0.64,0.11,0.64,0.09,0.33,0.42,0.09,0.42,Matches
67,Leela Egli,ch SUI,FW,Freiburg,17,2006,16,5,504,5.6,1,0,1,1,0,0,1,0,0.2,0.2,0.6,0.8,10,18,30,0.18,0,0.18,0.18,0.18,0.04,0.11,0.15,0.04,0.15,Matches
68,Laureta Elmazi,de GER,FW,Essen,21,2003,22,15,"1,400",15.6,2,1,3,2,0,0,1,0,1.9,1.9,1.1,3,38,27,64,0.13,0.06,0.19,0.13,0.19,0.12,0.07,0.19,0.12,0.19,Matches
69,Vivien Endemann,de GER,"FW,MF",Wolfsburg,22,2001,20,13,982,10.9,3,1,4,3,0,0,1,0,3.5,3.5,2.5,6,60,19,140,0.27,0.09,0.37,0.27,0.37,0.32,0.23,0.55,0.32,0.55,Matches
70,Annika Enderle,de GER,"DF,FW",Essen,23,2000,4,0,18,0.2,0,0,0,0,0,0,0,0,0,0,0.1,0.1,0,0,1,0,0,0,0,0,0,0.63,0.63,0,0.63,Matches
71,Magdalena Eriksson,se SWE,DF,Bayern Munich,30,1993,11,8,702,7.8,1,0,1,1,0,0,0,0,0.6,0.6,0.1,0.7,3,49,3,0.13,0,0.13,0.13,0.13,0.08,0.01,0.09,0.08,0.09,Matches
72,Laura Feiersinger,at AUT,MF,Köln,31,1993,22,21,"1,859",20.7,0,5,5,0,0,0,2,0,1.2,1.2,3,4.2,19,93,55,0,0.24,0.24,0,0.24,0.06,0.14,0.2,0.06,0.2,Matches
73,Meret Felde,de GER,MF,Freiburg,25,1999,16,15,"1,290",14.3,0,2,2,0,0,0,2,0,0.2,0.2,0.6,0.8,13,53,17,0,0.14,0.14,0,0.14,0.01,0.04,0.06,0.01,0.06,Matches
74,Jana Feldkamp,de GER,"MF,DF",Hoffenheim,26,1998,20,14,"1,258",14,0,3,3,0,0,0,2,0,0.4,0.4,2.8,3.2,15,65,26,0,0.21,0.21,0,0.21,0.03,0.2,0.23,0.03,0.23,Matches
75,Bente Fischer,de GER,"MF,DF",Carl-Zeiss Jena,21,2002,3,0,22,0.2,0,0,0,0,0,0,0,0,0,0,0.2,0.2,0,0,1,0,0,0,0,0,0,0.71,0.71,0,0.71,Matches
76,Vanessa Fischer,de GER,GK,Turbine Potsdam,26,1998,16,16,"1,395",15.5,0,0,0,0,0,0,0,0,0,0,0,0,0,0,0,0,0,0,0,0,0,0,0,0,0,Matches
77,Paula Flach,de GER,"DF,MF",Essen,21,2003,16,12,"1,053",11.7,0,0,0,0,0,0,0,0,0.3,0.3,0.2,0.5,12,31,17,0,0,0,0,0,0.03,0.02,0.05,0.03,0.05,Matches
78,Svenja Fölmli,ch SUI,FW,Freiburg,21,2002,11,6,629,7,3,0,3,3,0,0,0,0,3,3,0.2,3.1,11,11,48,0.43,0,0.43,0.43,0.43,0.43,0.02,0.45,0.43,0.45,Matches
79,Laura Freigang,de GER,"MF,FW",Eint Frankfurt,26,1998,22,22,"1,853",20.6,14,5,19,14,0,2,0,0,14.7,13.2,6.3,19.5,41,69,191,0.68,0.24,0.92,0.68,0.92,0.71,0.3,1.02,0.64,0.95,Matches
80,Melissa Friedrich,de GER,DF,Leverkusen,27,1997,5,3,256,2.8,0,0,0,0,0,0,0,0,0.1,0.1,0.3,0.4,4,18,0,0,0,0,0,0,0.05,0.09,0.14,0.05,0.14,Matches
81,Merle Frohms,de GER,GK,Wolfsburg,29,1995,12,12,"1,080",12,0,0,0,0,0,0,1,0,0,0,0,0,0,2,0,0,0,0,0,0,0,0,0,0,0,Matches
82,Vanessa Fudalla,de GER,"MF,FW",RB Leipzig,22,2001,22,21,"1,814",20.2,10,3,13,8,2,3,2,0,5.4,3.2,3.6,6.8,37,77,82,0.5,0.15,0.64,0.4,0.55,0.27,0.18,0.45,0.16,0.34,Matches
83,Vanessa Furst,de GER,"DF,MF",Essen,22,2001,22,19,"1,711",19,0,0,0,0,0,0,1,0,0.8,0.8,0.3,1.1,12,71,9,0,0,0,0,0,0.04,0.02,0.06,0.04,0.06,Matches
84,Fiona Gaißer,de GER,MF,Carl-Zeiss Jena,20,2004,21,21,"1,811",20.1,1,0,1,1,0,0,4,1,1.4,1.4,0.9,2.2,19,39,39,0.05,0,0.05,0.05,0.05,0.07,0.04,0.11,0.07,0.11,Matches
85,Noemi Gentile,de GER,"MF,FW",Carl-Zeiss Jena,24,2000,20,10,874,9.7,1,1,2,1,0,0,3,0,2.3,2.3,1,3.2,6,27,17,0.1,0.1,0.21,0.1,0.21,0.23,0.1,0.33,0.23,0.33,Matches
86,Anna Gerhardt,de GER,DF,Köln,26,1998,19,16,"1,413",15.7,1,0,1,1,0,0,3,1,0.4,0.4,1.5,1.9,39,65,49,0.06,0,0.06,0.06,0.06,0.03,0.09,0.12,0.03,0.12,Matches
87,Alina Gnädig,de GER,MF,Turbine Potsdam,18,2006,7,6,562,6.2,0,0,0,0,0,0,1,0,0.3,0.3,0,0.3,3,8,7,0,0,0,0,0,0.04,0,0.05,0.04,0.05,Matches
88,Estrella Gonzalez,de GER,DF,Leverkusen,17,2006,22,14,"1,427",15.9,0,1,1,0,0,0,0,0,0.6,0.6,2.4,3,31,65,79,0,0.06,0.06,0,0.06,0.04,0.15,0.19,0.04,0.19,Matches
89,Lisa Gora,de GER,"DF,MF",Carl-Zeiss Jena,20,2004,16,11,948,10.5,0,0,0,0,0,0,1,0,0.1,0.1,0.3,0.4,3,24,10,0,0,0,0,0,0.01,0.03,0.04,0.01,0.04,Matches
90,Dominika Grabowska,pl POL,"MF,FW",Hoffenheim,25,1998,17,10,908,10.1,2,0,2,2,0,0,0,0,1.1,1.1,1.1,2.2,10,37,32,0.2,0,0.2,0.2,0.2,0.11,0.11,0.22,0.11,0.22,Matches
91,Ruby Grant,eng ENG,MF,Leverkusen,22,2002,11,2,325,3.6,0,1,1,0,0,0,1,0,0.7,0.7,0.5,1.2,5,12,15,0,0.28,0.28,0,0.28,0.2,0.13,0.33,0.2,0.33,Matches
92,Lisanne Gräwe,de GER,MF,Eint Frankfurt,22,2002,20,20,"1,611",17.9,1,3,4,1,0,0,2,1,2,2,1.4,3.4,17,105,51,0.06,0.17,0.22,0.06,0.22,0.11,0.08,0.19,0.11,0.19,Matches
93,Alisa Grincenco,de GER,"MF,DF",Turbine Potsdam,20,2004,16,10,723,8,0,0,0,0,0,0,1,0,0.2,0.2,0.4,0.6,7,11,17,0,0,0,0,0,0.03,0.05,0.08,0.03,0.08,Matches
94,Maria-Luisa Grohs,de GER,GK,Bayern Munich,23,2001,10,10,900,10,0,0,0,0,0,0,1,0,0,0,0,0,0,0,0,0,0,0,0,0,0,0,0,0,0,Matches
95,Kornelia Grosicka,pl POL,"MF,FW",Turbine Potsdam,25,1999,9,1,275,3.1,0,0,0,0,0,0,1,0,0,0,0,0,2,0,4,0,0,0,0,0,0,0,0,0,0,Matches
96,Rucy Grunenberg,de GER,"MF,FW",RB Leipzig,17,2006,3,0,29,0.3,0,0,0,0,0,0,0,0,0,0,0,0,0,0,0,0,0,0,0,0,0,0,0,0,0,Matches
97,Alicia-Sophie Gudorf,de GER,"DF,FW",Freiburg,23,2001,20,11,967,10.7,0,0,0,0,0,0,1,0,0.3,0.3,0.7,0.9,17,48,57,0,0,0,0,0,0.02,0.06,0.09,0.02,0.09,Matches
98,Noreen Günnewig,de GER,FW,Freiburg,23,2001,1,0,3,0,0,0,0,0,0,0,0,0,0,0,0,0,0,0,0,0,0,0,0,0,0,0,0,0,0,Matches
99,Ana María Guzmán,co COL,"MF,DF",Bayern Munich,19,2005,2,0,13,0.1,0,0,0,0,0,0,0,0,0,0,0,0,0,2,2,0,0,0,0,0,0,0,0,0,0,Matches
100,Giulia Gwinn,de GER,DF,Bayern Munich,25,1999,19,18,"1,629",18.1,0,1,1,0,0,0,1,0,2,2,1.3,3.4,24,60,101,0,0.06,0.06,0,0.06,0.11,0.07,0.18,0.11,0.18,Matches
101,Suya Haering,nz NZL,DF,Turbine Potsdam,19,2005,12,10,817,9.1,0,0,0,0,0,0,1,0,0.5,0.5,0,0.5,6,10,13,0,0,0,0,0,0.05,0,0.05,0.05,0.05,Matches
102,Chantal Hagel,de GER,MF,Wolfsburg,26,1998,9,1,192,2.1,0,0,0,0,0,0,1,0,0.6,0.6,0.2,0.8,2,11,12,0,0,0,0,0,0.28,0.08,0.36,0.28,0.36,Matches
103,Chiara Hahn,de GER,"DF,MF",Hoffenheim,22,2002,13,3,500,5.6,0,2,2,0,0,0,1,0,0.6,0.6,0.4,1,14,33,28,0,0.36,0.36,0,0.36,0.1,0.07,0.17,0.1,0.17,Matches
104,Maya Hahn,nz NZL,MF,Turbine Potsdam,23,2001,19,13,"1,220",13.6,0,0,0,0,0,0,3,1,0.3,0.3,0.6,0.9,8,34,26,0,0,0,0,0,0.02,0.05,0.06,0.02,0.06,Matches
105,Vanessa Haim,de GER,"FW,MF",Leverkusen,27,1997,4,0,35,0.4,0,0,0,0,0,0,0,0,0,0,0.1,0.1,1,1,1,0,0,0,0,0,0,0.18,0.18,0,0.18,Matches
106,Synne Hansen,no NOR,DF,Leverkusen,28,1995,8,4,353,3.9,0,0,0,0,0,0,0,0,0.2,0.2,0.7,0.9,9,18,24,0,0,0,0,0,0.05,0.17,0.22,0.05,0.22,Matches
107,Tuva Hansen,no NOR,DF,Bayern Munich,26,1997,20,16,"1,449",16.1,0,2,2,0,0,0,1,0,0,0,1.3,1.3,15,76,46,0,0.12,0.12,0,0.12,0,0.08,0.08,0,0.08,Matches
108,Pernille Harder,dk DEN,"FW,MF",Bayern Munich,31,1992,22,21,"1,757",19.5,14,5,19,14,0,0,0,0,10.6,10.6,3.2,13.7,48,58,135,0.72,0.26,0.97,0.72,0.97,0.54,0.16,0.7,0.54,0.7,Matches
109,Franziska Harsch,de GER,MF,Hoffenheim,27,1997,14,10,800,8.9,0,0,0,0,0,0,2,0,1.1,1.1,0.2,1.3,1,31,4,0,0,0,0,0,0.13,0.02,0.15,0.13,0.15,Matches
110,Lina Hausicke,de GER,"MF,DF",Werder Bremen,26,1997,7,5,468,5.2,0,0,0,0,0,0,1,1,0.6,0.6,0,0.6,3,23,12,0,0,0,0,0,0.11,0,0.11,0.11,0.11,Matches
111,Janina Hechler,de GER,DF,Köln,25,1999,16,16,"1,374",15.3,1,0,1,1,0,0,3,0,0.8,0.8,0.2,1,19,47,4,0.07,0,0.07,0.07,0.07,0.05,0.01,0.07,0.05,0.07,Matches
112,Marina Hegering,de GER,DF,Wolfsburg,34,1990,15,14,"1,064",11.8,1,1,2,1,0,0,2,0,1,1,0.6,1.7,14,89,5,0.08,0.08,0.17,0.08,0.17,0.09,0.05,0.14,0.09,0.14,Matches
113,Kathrin Hendrich,de GER,DF,Wolfsburg,32,1992,16,13,"1,096",12.2,0,0,0,0,0,0,2,0,0.1,0.1,0,0.1,16,59,5,0,0,0,0,0,0.01,0,0.01,0.01,0.01,Matches
114,Elvira Herzog,ch SUI,GK,RB Leipzig,24,2000,22,22,"1,980",22,0,0,0,0,0,0,2,0,0,0,0,0,0,2,2,0,0,0,0,0,0,0,0,0,0,Matches
115,Anja Heuschkel,de GER,DF,Carl-Zeiss Jena,26,1997,18,17,"1,520",16.9,0,0,0,0,0,0,1,0,0.3,0.3,0,0.3,3,15,0,0,0,0,0,0,0.01,0,0.02,0.01,0.02,Matches
116,Julia Hickelsberger-Füller,at AUT,"FW,MF",Hoffenheim,24,1999,18,9,866,9.6,2,6,8,2,0,0,1,0,2.3,2.3,2.9,5.2,21,34,76,0.21,0.62,0.83,0.21,0.83,0.24,0.3,0.54,0.24,0.54,Matches
117,Jenny Hipp,de GER,MF,RB Leipzig,26,1998,20,15,"1,375",15.3,0,2,2,0,0,0,4,0,1,1,1,1.9,7,51,27,0,0.13,0.13,0,0.13,0.06,0.06,0.13,0.06,0.13,Matches
118,Giovanna Hoffmann,de GER,FW,RB Leipzig,25,1998,21,21,"1,687",18.7,11,5,16,8,3,3,4,0,8.9,6.7,3.3,10,34,34,123,0.59,0.27,0.85,0.43,0.69,0.47,0.17,0.65,0.36,0.53,Matches
119,Amelie Hoppe,de GER,DF,Turbine Potsdam,18,2005,1,0,45,0.5,0,0,0,0,0,0,0,0,0,0,0,0,0,1,0,0,0,0,0,0,0,0,0,0,0,Matches
120,Paula Hoppe,de GER,GK,Köln,18,2006,9,9,787,8.7,0,0,0,0,0,0,1,0,0,0,0,0,0,0,0,0,0,0,0,0,0,0,0,0,0,Matches
121,Svenja Huth,de GER,MF,Wolfsburg,33,1991,20,20,"1,695",18.8,1,7,8,1,0,0,3,0,1.8,1.8,4.5,6.3,57,128,109,0.05,0.37,0.42,0.05,0.42,0.1,0.24,0.34,0.1,0.34,Matches
122,Toma Ihlenburg,de GER,DF,Carl-Zeiss Jena,21,2002,22,22,"1,980",22,0,0,0,0,0,0,1,0,1.1,1.1,0,1.1,2,30,1,0,0,0,0,0,0.05,0,0.05,0.05,0.05,Matches
123,Carlotta Imping,de GER,"DF,MF",Köln,20,2003,10,3,381,4.2,0,1,1,0,0,0,0,0,0,0,0.4,0.4,7,14,8,0,0.24,0.24,0,0.24,0.01,0.09,0.09,0.01,0.09,Matches
124,Ella Inez Peddemors,nl NED,MF,Wolfsburg,21,2002,10,5,534,5.9,1,1,2,1,0,0,0,0,0.9,0.9,0.7,1.6,9,23,25,0.17,0.17,0.34,0.17,0.34,0.14,0.12,0.27,0.14,0.27,Matches
125,Sara It?,jp JPN,MF,Turbine Potsdam,22,2001,17,17,"1,493",16.6,0,0,0,0,0,0,1,0,0.3,0.3,0.1,0.4,2,34,10,0,0,0,0,0,0.02,0.01,0.03,0.02,0.03,Matches
126,Sveindís Jane Jónsdóttir,is ISL,"FW,DF",Wolfsburg,23,2001,19,5,789,8.8,2,0,2,2,0,0,3,0,4.3,4.3,1.6,6,27,25,99,0.23,0,0.23,0.23,0.23,0.49,0.19,0.68,0.49,0.68,Matches
127,Jasmin Janning,de GER,GK,Carl-Zeiss Jena,19,2005,10,10,900,10,0,0,0,0,0,0,0,0,0,0,0,0,0,0,0,0,0,0,0,0,0,0,0,0,0,Matches
128,Jill Janssens,be BEL,DF,Hoffenheim,20,2003,19,18,"1,378",15.3,3,0,3,3,0,0,6,0,1.4,1.4,3.4,4.7,47,52,108,0.2,0,0.2,0.2,0.2,0.09,0.22,0.31,0.09,0.31,Matches
129,Isabella Jaron,de GER,FW,Carl-Zeiss Jena,22,2002,9,9,645,7.2,1,2,3,1,0,0,2,0,0.8,0.8,1,1.8,11,14,19,0.14,0.28,0.42,0.14,0.42,0.11,0.13,0.24,0.11,0.24,Matches
130,Emely Joester,de GER,"DF,FW",Essen,20,2004,4,1,112,1.2,0,0,0,0,0,0,0,0,0,0,0,0,2,6,3,0,0,0,0,0,0,0,0,0,0,Matches
131,Stina Johannes,de GER,GK,Eint Frankfurt,24,2000,22,22,"1,980",22,0,0,0,0,0,0,1,0,0,0,0,0,0,0,0,0,0,0,0,0,0,0,0,0,0,Matches
132,Lou-Ann Joly,fr FRA,MF,RB Leipzig,22,2002,19,15,"1,182",13.1,0,0,0,0,0,0,2,1,0.2,0.2,0.3,0.4,9,35,10,0,0,0,0,0,0.01,0.02,0.03,0.01,0.03,Matches
133,Julie Jorde,no NOR,MF,Leverkusen,20,2004,1,0,1,0,0,0,0,0,0,0,0,0,0,0,0,0,0,0,0,0,0,0,0,0,0,0,0,0,0,Matches
134,Nelly Juckel,de GER,"DF,MF",Carl-Zeiss Jena,22,2002,20,18,"1,555",17.3,0,1,1,0,0,0,5,0,0.2,0.2,0.8,1,15,18,12,0,0.06,0.06,0,0.06,0.01,0.05,0.06,0.01,0.06,Matches
135,Merza Julevi?,de GER,MF,Carl-Zeiss Jena,34,1990,22,22,"1,910",21.2,0,1,1,0,0,0,3,0,0.4,0.4,0.8,1.2,2,47,5,0,0.05,0.05,0,0.05,0.02,0.04,0.06,0.02,0.06,Matches
136,Mai Kadowaki,jp JPN,"MF,FW",RB Leipzig,23,2001,8,5,482,5.4,0,0,0,0,0,0,0,0,0.3,0.3,0.8,1.1,8,12,32,0,0,0,0,0,0.06,0.15,0.2,0.06,0.2,Matches
137,Fenna Kalma,nl NED,FW,Wolfsburg,24,1999,1,0,11,0.1,0,0,0,0,0,0,0,0,0,0,0,0,0,0,0,0,0,0,0,0,0,0,0,0,0,Matches
138,Annie Karich,us USA,"MF,DF",Freiburg,20,2003,21,12,"1,204",13.4,0,1,1,0,0,0,5,0,0.4,0.4,0.1,0.5,5,60,13,0,0.07,0.07,0,0.07,0.03,0.01,0.04,0.03,0.04,Matches
139,Lisa Karl,de GER,DF,Freiburg,27,1997,22,22,"1,979",22,4,1,5,4,0,0,2,0,1.7,1.7,1.2,2.8,34,71,89,0.18,0.05,0.23,0.18,0.23,0.08,0.05,0.13,0.08,0.13,Matches
140,Lisann Kaut,de GER,DF,Hoffenheim,23,2000,17,13,"1,100",12.2,1,1,2,1,0,0,1,0,0.6,0.6,2.5,3.1,22,42,40,0.08,0.08,0.16,0.08,0.16,0.05,0.21,0.26,0.05,0.26,Matches
141,Hasret Kayikci,de GER,FW,Freiburg,32,1991,1,1,11,0.1,0,0,0,0,0,0,0,0,0,0,0,0,1,0,0,0,0,0,0,0,0,0,0,0,0,Matches
142,Caroline Kehrer,ca CAN,FW,Leverkusen,27,1997,19,18,"1,340",14.9,5,3,8,5,0,0,5,0,4.3,4.3,1.8,6.1,33,17,107,0.34,0.2,0.54,0.34,0.54,0.29,0.12,0.41,0.29,0.41,Matches
143,Tuana Keles,de GER,"MF,FW",Werder Bremen,21,2003,21,19,"1,708",19,2,5,7,2,0,0,6,0,1.4,1.4,5.1,6.5,50,39,117,0.11,0.26,0.37,0.11,0.37,0.07,0.27,0.34,0.07,0.34,Matches
144,Frederike Kempe,de GER,DF,RB Leipzig,27,1997,11,5,510,5.7,0,0,0,0,0,0,1,0,0.1,0.1,0,0.2,1,11,0,0,0,0,0,0,0.02,0.01,0.03,0.02,0.03,Matches
145,Samantha Kerr,sct SCO,MF,Bayern Munich,25,1999,8,2,238,2.6,0,0,0,0,0,0,0,0,0.1,0.1,0.2,0.3,0,7,7,0,0,0,0,0,0.02,0.07,0.1,0.02,0.1,Matches
146,Franziska Kett,de GER,"DF,FW",Bayern Munich,19,2004,7,1,199,2.2,0,0,0,0,0,0,0,0,0,0,0,0.1,7,13,12,0,0,0,0,0,0.01,0.02,0.03,0.01,0.03,Matches
147,Justine Kielland,no NOR,MF,Wolfsburg,21,2002,10,4,407,4.5,1,3,4,1,0,0,0,0,0.2,0.2,1.4,1.6,5,38,16,0.22,0.66,0.88,0.22,0.88,0.04,0.31,0.36,0.04,0.36,Matches
148,Jacqueline Klasen,de GER,DF,Essen,30,1994,16,16,"1,369",15.2,0,1,1,0,0,0,0,0,1.2,1.2,0.4,1.7,16,45,15,0,0.07,0.07,0,0.07,0.08,0.03,0.11,0.08,0.11,Matches
149,Sophia Kleinherne,de GER,DF,Eint Frankfurt,24,2000,20,19,"1,680",18.7,0,0,0,0,0,0,4,0,0.1,0.1,0.1,0.2,18,130,5,0,0,0,0,0,0,0.01,0.01,0,0.01,Matches
150,Kristin Kögel,de GER,MF,Leverkusen,24,1999,21,21,"1,756",19.5,5,4,9,5,0,0,3,0,4.4,4.4,3.5,7.9,20,77,87,0.26,0.21,0.46,0.26,0.46,0.23,0.18,0.41,0.23,0.41,Matches
151,Lisa Kolb,at AUT,"FW,MF",Freiburg,23,2001,8,4,380,4.2,0,0,0,0,0,0,0,0,0.5,0.5,1,1.4,17,12,33,0,0,0,0,0,0.11,0.23,0.34,0.11,0.34,Matches
152,Leonie Köpp,de GER,"FW,MF",Essen,17,2007,6,0,55,0.6,0,0,0,0,0,0,1,0,0.1,0.1,0,0.1,1,2,3,0,0,0,0,0,0.13,0,0.13,0.13,0.13,Matches
153,Melissa Kössler,de GER,FW,Hoffenheim,24,2000,17,14,"1,252",13.9,4,2,6,4,0,0,3,0,5.8,5.8,3.1,8.9,19,38,99,0.29,0.14,0.43,0.29,0.43,0.42,0.22,0.64,0.42,0.64,Matches
154,Natasha Kowalski,de GER,MF,Essen,21,2003,21,18,"1,566",17.4,6,4,10,1,5,5,2,0,4.7,1.1,4.3,5.4,18,59,53,0.34,0.23,0.57,0.06,0.29,0.27,0.25,0.52,0.06,0.31,Matches
155,Cornelia Kramer,dk DEN,FW,Leverkusen,21,2002,22,21,"1,826",20.3,12,2,14,9,3,3,1,0,11,8.8,3.8,12.7,28,47,137,0.59,0.1,0.69,0.44,0.54,0.54,0.19,0.73,0.44,0.63,Matches
156,Caroline Krawczyk,de GER,"MF,DF",Turbine Potsdam,26,1997,14,14,"1,067",11.9,0,0,0,0,0,0,3,0,0.2,0.2,0.2,0.4,10,17,9,0,0,0,0,0,0.02,0.02,0.03,0.02,0.03,Matches
157,Leonie Kreil,de GER,MF,Carl-Zeiss Jena,26,1997,3,3,265,2.9,1,0,1,1,0,0,0,0,0.8,0.8,0,0.8,3,6,13,0.34,0,0.34,0.34,0.34,0.28,0.01,0.29,0.28,0.29,Matches
158,Valentina Kröll,at AUT,MF,Essen,21,2002,1,0,14,0.2,0,0,0,0,0,0,0,0,0,0,0,0,0,0,0,0,0,0,0,0,0,0,0,0,0,Matches
159,Victoria Krug,de GER,DF,RB Leipzig,26,1998,21,21,"1,748",19.4,0,1,1,0,0,0,2,0,0.3,0.3,0.7,1,10,75,16,0,0.05,0.05,0,0.05,0.02,0.03,0.05,0.02,0.05,Matches
160,Irena Kuznezov,il ISR,DF,Turbine Potsdam,22,2002,14,12,856,9.5,1,0,1,1,0,0,3,0,0.3,0.3,0.2,0.5,6,13,5,0.11,0,0.11,0.11,0.11,0.03,0.02,0.05,0.03,0.05,Matches
161,Julia Landenberger,de GER,DF,RB Leipzig,20,2003,19,19,"1,687",18.7,1,1,2,1,0,0,2,0,0.6,0.6,0.3,0.9,17,76,6,0.05,0.05,0.11,0.05,0.11,0.03,0.02,0.05,0.03,0.05,Matches
162,Lena Lattwein,de GER,MF,Wolfsburg,24,2000,19,17,"1,339",14.9,5,1,6,3,2,2,4,0,3.8,2.3,1.7,4.1,11,79,42,0.34,0.07,0.4,0.2,0.27,0.26,0.12,0.37,0.16,0.27,Matches
163,Karólína Lea Vilhjálmsdóttir,is ISL,"MF,FW",Leverkusen,22,2001,22,14,"1,183",13.1,2,5,7,2,0,0,0,0,2.1,2.1,4.3,6.4,18,53,46,0.15,0.38,0.53,0.15,0.53,0.16,0.33,0.49,0.16,0.49,Matches
164,Hannah Lehmann,de GER,"FW,MF",Carl-Zeiss Jena,20,2004,6,0,93,1,0,0,0,0,0,0,0,0,0.2,0.2,0,0.2,0,1,3,0,0,0,0,0,0.2,0,0.2,0.2,0.2,Matches
165,Vanessa Leimenstoll,de GER,"FW,MF",Köln,23,2001,19,12,"1,042",11.6,2,1,3,2,0,0,3,0,3.3,3.3,0.4,3.7,15,18,77,0.17,0.09,0.26,0.17,0.26,0.29,0.03,0.32,0.29,0.32,Matches
166,Emily Lemke,de GER,FW,Turbine Potsdam,18,2005,6,0,130,1.4,0,0,0,0,0,0,0,0,0.3,0.3,0,0.3,1,1,0,0,0,0,0,0,0.19,0,0.19,0.19,0.19,Matches
167,Lesley Lergenmüller,de GER,GK,Turbine Potsdam,19,2005,2,1,99,1.1,0,0,0,0,0,0,0,0,0,0,0,0,0,0,0,0,0,0,0,0,0,0,0,0,0,Matches
168,Janou Levels,nl NED,DF,Leverkusen,23,2000,19,19,"1,602",17.8,1,5,6,1,0,0,5,1,2.5,2.5,2.5,5,63,66,114,0.06,0.28,0.34,0.06,0.34,0.14,0.14,0.28,0.14,0.28,Matches
169,Valentina Limani,xk KVX,"FW,MF",Turbine Potsdam,27,1997,17,9,870,9.7,0,0,0,0,0,0,1,0,0.6,0.6,0.2,0.8,15,9,31,0,0,0,0,0,0.06,0.02,0.08,0.06,0.08,Matches
170,Sarai Linder,de GER,"DF,MF",Wolfsburg,24,1999,18,16,"1,288",14.3,1,2,3,1,0,0,1,0,1,1,1.5,2.5,35,66,71,0.07,0.14,0.21,0.07,0.21,0.07,0.11,0.18,0.07,0.18,Matches
171,Laura Lindner,de GER,"FW,MF",Turbine Potsdam,30,1994,18,11,879,9.8,0,0,0,0,0,0,0,0,0.3,0.3,0.4,0.7,5,7,19,0,0,0,0,0,0.03,0.05,0.08,0.03,0.08,Matches
172,Sydney Lohmann,de GER,"MF,FW",Bayern Munich,24,2000,17,11,912,10.1,2,4,6,2,0,0,1,0,1.7,1.7,3,4.7,14,41,38,0.2,0.39,0.59,0.2,0.59,0.16,0.3,0.46,0.16,0.46,Matches
173,Nina Lührßen,de GER,DF,Eint Frankfurt,24,1999,20,17,"1,496",16.6,0,5,5,0,0,0,2,0,0.7,0.7,5.4,6.2,39,105,95,0,0.3,0.3,0,0.3,0.04,0.33,0.37,0.04,0.37,Matches
174,Flavia Luscher,ch SUI,DF,Turbine Potsdam,20,2003,10,4,461,5.1,0,0,0,0,0,0,1,1,0.1,0.1,0,0.1,0,2,0,0,0,0,0,0,0.02,0,0.02,0.02,0.02,Matches
175,Julia Magerl,at AUT,DF,RB Leipzig,21,2003,20,19,"1,593",17.7,0,1,1,0,0,0,3,0,0.1,0.1,0.2,0.3,8,41,1,0,0.06,0.06,0,0.06,0,0.01,0.02,0,0.02,Matches
176,Amani Mahmoud,de GER,"FW,MF",Werder Bremen,18,2005,3,0,36,0.4,0,0,0,0,0,0,0,0,0.1,0.1,0,0.1,3,1,4,0,0,0,0,0,0.15,0,0.15,0.15,0.15,Matches
177,Ena Mahmutovic,de GER,GK,Bayern Munich,20,2003,12,12,"1,080",12,0,0,0,0,0,0,0,0,0,0,0,0,0,0,0,0,0,0,0,0,0,0,0,0,0,Matches
178,Ramona Maier,de GER,FW,Essen,28,1995,22,20,"1,819",20.2,3,1,4,3,0,0,1,0,5.6,5.6,2,7.7,30,22,113,0.15,0.05,0.2,0.15,0.2,0.28,0.1,0.38,0.28,0.38,Matches
179,Anna Margraf,au AUS,"FW,MF",Carl-Zeiss Jena,23,2001,13,3,447,5,0,0,0,0,0,0,1,0,0.6,0.6,0.3,0.8,7,6,17,0,0,0,0,0,0.11,0.05,0.16,0.11,0.16,Matches
180,Luca Maria Graf,de GER,"MF,FW",RB Leipzig,25,1999,4,0,58,0.6,0,0,0,0,0,0,0,0,0,0,0.5,0.5,1,2,1,0,0,0,0,0,0,0.77,0.77,0,0.77,Matches
181,Lara Marti,ch SUI,"DF,MF",RB Leipzig,24,1999,18,11,891,9.9,0,0,0,0,0,0,3,0,0.7,0.7,0.1,0.8,15,26,49,0,0,0,0,0,0.07,0.01,0.08,0.07,0.08,Matches
182,Shekiera Martinez,de GER,FW,Freiburg,23,2001,11,8,742,8.2,5,2,7,5,0,0,1,0,4.5,4.5,0.7,5.2,20,21,57,0.61,0.24,0.85,0.61,0.85,0.55,0.09,0.64,0.55,0.64,Matches
183,Saskia Matheis,de GER,"DF,MF",Werder Bremen,27,1997,12,9,779,8.7,1,2,3,1,0,0,0,0,0.5,0.5,0.5,1,16,21,29,0.12,0.23,0.35,0.12,0.35,0.05,0.06,0.12,0.05,0.12,Matches
184,Sylwia Matysik,pl POL,DF,Köln,27,1997,15,13,"1,103",12.3,0,0,0,0,0,0,1,0,0.8,0.8,0.5,1.3,18,51,36,0,0,0,0,0,0.06,0.04,0.1,0.06,0.1,Matches
185,Ereleta Memeti,xk KVX,"MF,FW",Hoffenheim,25,1999,20,20,"1,479",16.4,6,5,11,6,0,0,1,0,4.3,4.3,4.8,9.1,44,57,102,0.37,0.3,0.67,0.37,0.67,0.26,0.29,0.55,0.26,0.55,Matches
186,Shen Menglu,cn CHN,"DF,MF",Leverkusen,22,2002,9,3,251,2.8,0,0,0,0,0,0,2,0,0.1,0.1,0,0.1,3,7,12,0,0,0,0,0,0.02,0,0.02,0.02,0.02,Matches
187,Hannah Mesch,de GER,"FW,MF",Carl-Zeiss Jena,19,2004,8,0,92,1,0,0,0,0,0,0,0,0,0.4,0.4,0,0.4,1,2,5,0,0,0,0,0,0.36,0.04,0.4,0.36,0.4,Matches
188,Anika Metzner,de GER,"DF,FW",Carl-Zeiss Jena,23,2001,12,0,118,1.3,0,0,0,0,0,0,1,0,0,0,0,0,2,3,5,0,0,0,0,0,0.02,0,0.02,0.02,0.02,Matches
189,Julia Mickenhagen,de GER,"DF,MF",Leverkusen,19,2005,6,0,133,1.5,1,1,2,1,0,0,3,1,0.1,0.1,0.2,0.3,2,5,7,0.68,0.68,1.35,0.68,1.35,0.04,0.16,0.2,0.04,0.2,Matches
190,Aurora Mikalsen,no NOR,GK,Köln,28,1996,7,7,630,7,0,0,0,0,0,0,1,0,0,0,0,0,0,0,0,0,0,0,0,0,0,0,0,0,0,Matches
191,Janina Minge,de GER,"DF,MF",Wolfsburg,25,1999,21,20,"1,758",19.5,4,2,6,3,1,1,0,0,2.6,1.9,1.7,3.6,14,131,15,0.2,0.1,0.31,0.15,0.26,0.13,0.09,0.22,0.1,0.19,Matches
192,Adrijana Mori,si SVN,"MF,FW",Turbine Potsdam,23,2000,3,1,102,1.1,0,0,0,0,0,0,0,0,0,0,0,0,0,1,0,0,0,0,0,0,0,0,0,0,0,Matches
193,Larissa Mühlhaus,de GER,FW,Werder Bremen,21,2003,21,20,"1,701",18.9,10,1,11,8,2,2,3,0,6.5,5,2.5,7.5,28,61,96,0.53,0.05,0.58,0.42,0.48,0.34,0.13,0.47,0.26,0.4,Matches
194,Marlene Müller,de GER,"DF,MF",RB Leipzig,23,2000,22,21,"1,833",20.4,1,2,3,1,0,0,3,0,1.3,1.3,1.6,3,35,64,103,0.05,0.1,0.15,0.05,0.15,0.07,0.08,0.15,0.07,0.15,Matches
195,Gwendolyn Mummert,de GER,DF,Carl-Zeiss Jena,25,1999,13,11,"1,032",11.5,0,0,0,0,0,0,0,0,0,0,0.1,0.1,3,6,5,0,0,0,0,0,0,0,0.01,0,0.01,Matches
196,Sophie Nachtigall,de GER,"FW,MF",Eint Frankfurt,20,2004,7,0,60,0.7,0,1,1,0,0,0,1,0,0.1,0.1,0.7,0.8,2,5,9,0,1.5,1.5,0,1.5,0.15,1.02,1.17,0.15,1.17,Matches
197,Shahar Nakav,il ISR,DF,Turbine Potsdam,27,1997,2,2,180,2,0,0,0,0,0,0,0,0,0,0,0,0,1,5,1,0,0,0,0,0,0,0,0,0,0,Matches
198,Diána Németh,hu HUN,"DF,MF",Wolfsburg,19,2004,3,2,157,1.7,0,0,0,0,0,0,0,0,0,0,0,0,1,7,13,0,0,0,0,0,0.01,0,0.01,0.01,0.01,Matches
199,Hanna Németh,hu HUN,DF,Werder Bremen,25,1998,18,16,"1,381",15.3,0,0,0,0,0,0,3,0,0.3,0.3,0.3,0.6,5,46,6,0,0,0,0,0,0.02,0.02,0.04,0.02,0.04,Matches
200,Sofija ?esterova,lv LVA,GK,Werder Bremen,22,2001,2,1,91,1,0,0,0,0,0,0,0,0,0,0,0,0,0,0,0,0,0,0,0,0,0,0,0,0,0,Matches
Rk,Player,Nation,Pos,Squad,Age,Born,MP,Starts,Min,90s,Gls,Ast,G+A,G-PK,PK,PKatt,CrdY,CrdR,xG,npxG,xAG,npxG+xAG,PrgC,PrgP,PrgR,Gls,Ast,G+A,G-PK,G+A-PK,xG,xAG,xG+xAG,npxG,npxG+xAG,Matches
201,Lena Nuding,de GER,GK,Freiburg,31,1993,2,1,117,1.3,0,0,0,0,0,0,0,0,0,0,0,0,0,0,0,0,0,0,0,0,0,0,0,0,0,Matches
202,Nicole Ojukwu,at AUT,MF,Freiburg,18,2005,16,8,657,7.3,0,1,1,0,0,0,0,0,0.1,0.1,0.4,0.5,1,21,9,0,0.14,0.14,0,0.14,0.02,0.05,0.07,0.02,0.07,Matches
203,Josefine Osigus,de GER,GK,Köln,19,2004,6,5,473,5.3,0,0,0,0,0,0,0,0,0,0,0,0,0,0,0,0,0,0,0,0,0,0,0,0,0,Matches
204,Lena Ostermeier,de GER,DF,Essen,27,1996,15,14,"1,239",13.8,0,0,0,0,0,0,1,0,0.1,0.1,0,0.1,16,49,8,0,0,0,0,0,0.01,0,0.01,0.01,0.01,Matches
205,Selina Ostermeier,de GER,DF,Leverkusen,25,1999,21,21,"1,866",20.7,1,0,1,1,0,0,5,0,1.3,1.3,0,1.3,14,108,3,0.05,0,0.05,0.05,0.05,0.06,0,0.06,0.06,0.06,Matches
206,Jasmin Pal,at AUT,GK,Köln,27,1996,1,1,90,1,0,0,0,0,0,0,0,0,0,0,0,0,0,0,0,0,0,0,0,0,0,0,0,0,0,Matches
207,Em?ke Pápai,hu HUN,"MF,FW",Werder Bremen,21,2003,22,1,573,6.4,2,0,2,2,0,0,0,0,1.2,1.2,0.6,1.8,10,22,23,0.31,0,0.31,0.31,0.31,0.19,0.09,0.28,0.19,0.28,Matches
208,Luca Papp,hu HUN,"FW,MF",Wolfsburg,22,2002,3,0,78,0.9,0,1,1,0,0,0,0,0,0,0,0,0.1,2,10,9,0,1.15,1.15,0,1.15,0.05,0.02,0.07,0.05,0.07,Matches
209,Tanja Pawollek,pl POL,MF,Eint Frankfurt,25,1999,15,9,920,10.2,2,0,2,2,0,0,2,0,1.8,1.8,1.5,3.3,7,54,16,0.2,0,0.2,0.2,0.2,0.18,0.14,0.32,0.18,0.32,Matches
210,Livia Peng,ch SUI,GK,Werder Bremen,22,2002,21,21,"1,889",21,0,0,0,0,0,0,0,0,0,0,0.1,0.1,0,1,0,0,0,0,0,0,0,0,0,0,0,Matches
211,Maria Penner,de GER,DF,Werder Bremen,17,2007,5,2,243,2.7,0,0,0,0,0,0,0,0,0,0,0,0,3,5,8,0,0,0,0,0,0,0,0,0,0,Matches
212,Glódís Perla Viggósdóttir,is ISL,DF,Bayern Munich,29,1995,18,17,"1,448",16.1,2,2,4,2,0,0,3,1,1.6,1.6,1.3,2.9,11,120,4,0.12,0.12,0.25,0.12,0.25,0.1,0.08,0.18,0.1,0.18,Matches
213,Anja Pfluger,de GER,MF,Essen,30,1993,12,4,336,3.7,0,0,0,0,0,0,0,0,0,0,0,0,1,10,3,0,0,0,0,0,0,0,0,0,0,Matches
214,Katharina Pilji?,de GER,MF,Leverkusen,20,2003,18,16,"1,446",16.1,2,3,5,2,0,0,4,0,0.4,0.4,1.2,1.6,18,71,17,0.12,0.19,0.31,0.12,0.31,0.02,0.08,0.1,0.02,0.1,Matches
215,Paulina Platner,de GER,MF,Essen,18,2005,18,14,"1,031",11.5,1,1,2,1,0,0,1,0,1,1,0.8,1.8,4,37,14,0.09,0.09,0.17,0.09,0.17,0.08,0.07,0.16,0.08,0.16,Matches
216,Silia Plöchinger,ch SUI,GK,Turbine Potsdam,21,2003,5,4,396,4.4,0,0,0,0,0,0,0,0,0,0,0,0,0,0,0,0,0,0,0,0,0,0,0,0,0,Matches
217,Julia Pollak,de GER,"DF,MF",RB Leipzig,22,2002,5,0,48,0.5,0,0,0,0,0,0,0,0,0,0,0,0,0,0,4,0,0,0,0,0,0,0,0,0,0,Matches
218,Alexandra Popp,de GER,FW,Wolfsburg,33,1991,20,18,"1,599",17.8,7,3,10,7,0,0,2,0,8.2,8.2,4.5,12.7,14,62,113,0.39,0.17,0.56,0.39,0.56,0.46,0.25,0.72,0.46,0.72,Matches
219,Kassandra Potsi,de GER,"FW,MF",Essen,,,17,7,633,7,0,1,1,0,0,0,2,0,0.1,0.1,0.6,0.7,4,8,15,0,0.14,0.14,0,0.14,0.01,0.09,0.1,0.01,0.1,Matches
220,Lara Prašnikar,si SVN,"FW,MF",Eint Frankfurt,25,1998,20,14,"1,218",13.5,5,8,13,4,1,1,0,0,6,5.3,5.5,10.8,28,56,141,0.37,0.59,0.96,0.3,0.89,0.44,0.41,0.85,0.39,0.8,Matches
221,Laura Pucks,de GER,DF,Essen,20,2004,16,14,"1,248",13.9,0,0,0,0,0,0,0,0,0.6,0.6,0.2,0.7,4,28,5,0,0,0,0,0,0.04,0.01,0.05,0.04,0.05,Matches
222,Lilli Purtscheller,at AUT,FW,Essen,20,2003,20,18,"1,590",17.7,2,1,3,2,0,0,4,0,1.3,1.3,2.3,3.6,67,49,161,0.11,0.06,0.17,0.11,0.17,0.08,0.13,0.21,0.08,0.21,Matches
223,Nuria Rábano,es ESP,"DF,MF",Wolfsburg,25,1999,7,4,418,4.6,0,0,0,0,0,0,0,0,0.3,0.3,1.4,1.7,3,20,22,0,0,0,0,0,0.07,0.3,0.37,0.07,0.37,Matches
224,Nina Räcke,de GER,DF,RB Leipzig,22,2001,14,1,310,3.4,0,0,0,0,0,0,1,0,0.2,0.2,0,0.2,0,7,0,0,0,0,0,0,0.05,0,0.05,0.05,0.05,Matches
225,Jamilla Rankin,au AUS,DF,Hoffenheim,21,2003,18,10,984,10.9,0,1,1,0,0,0,0,0,0.1,0.1,1.2,1.4,16,54,34,0,0.09,0.09,0,0.09,0.01,0.11,0.13,0.01,0.13,Matches
226,Emily Reske,de GER,"FW,MF",Carl-Zeiss Jena,19,2005,9,0,109,1.2,0,0,0,0,0,0,0,0,0.1,0.1,0,0.1,1,3,3,0,0,0,0,0,0.05,0,0.05,0.05,0.05,Matches
227,Géraldine Reuteler,ch SUI,"FW,MF",Eint Frankfurt,25,1999,20,20,"1,690",18.8,10,6,16,10,0,0,3,0,7.5,7.5,6.2,13.7,39,86,174,0.53,0.32,0.85,0.53,0.85,0.4,0.33,0.73,0.4,0.73,Matches
228,Melina Reuter,de GER,"FW,MF",Carl-Zeiss Jena,18,2005,21,18,"1,513",16.8,1,0,1,1,0,0,4,0,1.5,1.5,0.8,2.3,26,10,68,0.06,0,0.06,0.06,0.06,0.09,0.05,0.14,0.09,0.14,Matches
229,Annalena Rieke,de GER,MF,Essen,25,1999,19,19,"1,676",18.6,4,2,6,4,0,0,4,0,2.7,2.7,0.6,3.2,16,51,23,0.21,0.11,0.32,0.21,0.32,0.14,0.03,0.17,0.14,0.17,Matches
230,Nadine Riesen,ch SUI,DF,Eint Frankfurt,24,2000,17,6,659,7.3,0,3,3,0,0,0,1,0,0.2,0.2,1.9,2.1,21,35,51,0,0.41,0.41,0,0.41,0.03,0.26,0.29,0.03,0.29,Matches
231,Sara Ritter,de GER,"DF,MF",Hoffenheim,19,2005,5,1,96,1.1,0,0,0,0,0,0,0,0,0,0,0,0,1,0,1,0,0,0,0,0,0,0,0,0,0,Matches
232,Kaylie Ronan,,DF,Werder Bremen,,,7,6,523,5.8,1,0,1,1,0,0,0,0,0.3,0.3,0,0.3,0,15,1,0.17,0,0.17,0.17,0.17,0.05,0.01,0.06,0.05,0.06,Matches
233,Pernille Sanvig,dk DEN,MF,Eint Frankfurt,18,2005,6,0,69,0.8,1,0,1,1,0,0,0,0,0.3,0.3,0.2,0.5,4,8,5,1.3,0,1.3,1.3,1.3,0.45,0.23,0.67,0.45,0.67,Matches
234,Josefine Schaller,de GER,"DF,MF",RB Leipzig,21,2002,7,0,44,0.5,0,0,0,0,0,0,0,0,0,0,0.1,0.1,0,2,3,0,0,0,0,0,0,0.2,0.2,0,0.2,Matches
235,Annabel Schasching,at AUT,MF,Freiburg,22,2002,22,17,"1,521",16.9,3,2,5,3,0,0,1,0,2.1,2.1,4.3,6.5,22,84,49,0.18,0.12,0.3,0.18,0.3,0.13,0.26,0.38,0.13,0.38,Matches
236,Luca Scheel,de GER,MF,Turbine Potsdam,22,2002,2,2,151,1.7,0,0,0,0,0,0,0,0,0,0,0,0,0,0,0,0,0,0,0,0,0,0,0,0,0,Matches
237,Nora Scherer,de GER,"MF,FW",Freiburg,18,2005,2,0,42,0.5,0,0,0,0,0,0,0,0,0,0,0,0,1,0,4,0,0,0,0,0,0.06,0,0.06,0.06,0.06,Matches
238,Julia Schiffarth,de GER,"MF,FW",Köln,16,2007,7,0,94,1,0,0,0,0,0,0,1,0,0.1,0.1,0.2,0.4,0,1,7,0,0,0,0,0,0.11,0.23,0.35,0.11,0.35,Matches
239,Marleen Schimmer,de GER,"MF,FW",RB Leipzig,23,2000,17,16,"1,407",15.6,4,2,6,4,0,0,5,0,3.2,3.2,1.2,4.4,33,46,71,0.26,0.13,0.38,0.26,0.38,0.21,0.07,0.28,0.21,0.28,Matches
240,Mia Schmid,ch SUI,DF,Turbine Potsdam,19,2005,20,19,"1,697",18.9,1,0,1,1,0,0,3,0,0.4,0.4,0.1,0.6,3,11,6,0.05,0,0.05,0.05,0.05,0.02,0.01,0.03,0.02,0.03,Matches
241,Stefanie Schmid,de GER,"DF,FW",RB Leipzig,18,2005,6,0,52,0.6,0,0,0,0,0,0,0,0,0,0,0,0,2,4,1,0,0,0,0,0,0,0,0,0,0,Matches
242,Bianca Schmidt,de GER,"DF,FW",Turbine Potsdam,34,1990,9,8,572,6.4,1,0,1,1,0,0,0,0,0.3,0.3,0.2,0.6,3,5,13,0.16,0,0.16,0.16,0.16,0.05,0.04,0.09,0.05,0.09,Matches
243,Lara Schmidt,de GER,"DF,MF",Werder Bremen,24,2000,20,18,"1,675",18.6,3,1,4,3,0,0,7,1,1.6,1.6,0.5,2.2,9,59,6,0.16,0.05,0.21,0.16,0.21,0.09,0.03,0.12,0.09,0.12,Matches
244,Lilith Schmidt,de GER,MF,Köln,18,2006,4,0,79,0.9,0,0,0,0,0,0,0,0,0,0,0.1,0.1,0,3,3,0,0,0,0,0,0,0.13,0.13,0,0.13,Matches
245,Kim Schneider,de GER,MF,Turbine Potsdam,20,2003,15,10,919,10.2,0,0,0,0,0,0,0,0,0.8,0.8,0.3,1.1,9,19,23,0,0,0,0,0,0.08,0.03,0.1,0.08,0.1,Matches
246,Maj Schneider,de GER,"MF,FW",Freiburg,16,2007,16,4,416,4.6,2,1,3,2,0,0,0,0,1.1,1.1,0.3,1.3,3,9,8,0.43,0.22,0.65,0.43,0.65,0.23,0.06,0.29,0.23,0.29,Matches
247,Lea Schüller,de GER,FW,Bayern Munich,26,1997,22,13,"1,268",14.1,11,3,14,11,0,0,0,0,8.4,8.4,3.2,11.6,20,26,99,0.78,0.21,0.99,0.78,0.99,0.6,0.23,0.82,0.6,0.82,Matches
248,Viktoria Schwalm,de GER,"FW,MF",Turbine Potsdam,26,1997,8,6,531,5.9,1,1,2,1,0,0,1,0,1.4,1.4,0.3,1.7,11,16,22,0.17,0.17,0.34,0.17,0.34,0.23,0.05,0.28,0.23,0.28,Matches
249,Alara Sehitler,de GER,"FW,MF",Bayern Munich,17,2006,16,8,738,8.2,3,2,5,3,0,0,0,0,1.9,1.9,0.8,2.7,8,24,43,0.37,0.24,0.61,0.37,0.61,0.23,0.1,0.33,0.23,0.33,Matches
250,Noa Selimhodzic,il ISR,"FW,MF",Turbine Potsdam,20,2003,13,6,646,7.2,0,0,0,0,0,0,1,0,0.8,0.8,0.2,1.1,13,11,34,0,0,0,0,0,0.12,0.03,0.15,0.12,0.15,Matches
251,Linda Sembrant,se SWE,DF,Bayern Munich,37,1987,11,9,805,8.9,2,0,2,2,0,0,3,1,1.9,1.9,0.1,2.1,5,93,1,0.22,0,0.22,0.22,0.22,0.22,0.01,0.23,0.22,0.23,Matches
252,Elisa Senß,de GER,MF,Eint Frankfurt,26,1997,21,19,"1,570",17.4,3,2,5,3,0,0,3,0,2.7,2.7,2.8,5.5,20,102,67,0.17,0.11,0.29,0.17,0.29,0.15,0.16,0.31,0.15,0.31,Matches
253,Mariella El Sherif,at AUT,GK,Carl-Zeiss Jena,19,2004,12,12,"1,080",12,0,0,0,0,0,0,0,0,0,0,0,0,0,1,0,0,0,0,0,0,0,0,0,0,0,Matches
254,Caroline Siems,de GER,DF,Werder Bremen,25,1999,12,12,"1,079",12,0,2,2,0,0,0,0,0,0.7,0.7,1.3,2,16,34,47,0,0.17,0.17,0,0.17,0.06,0.11,0.17,0.06,0.17,Matches
255,Carolin Simon,de GER,DF,Bayern Munich,31,1992,22,18,"1,590",17.7,3,4,7,3,0,0,1,0,0.9,0.9,5.2,6.1,27,144,102,0.17,0.23,0.4,0.17,0.4,0.05,0.29,0.34,0.05,0.34,Matches
256,Kim Sindermann,de GER,GK,Essen,23,2001,9,9,810,9,0,0,0,0,0,0,0,0,0,0,0,0,0,0,0,0,0,0,0,0,0,0,0,0,0,Matches
257,Napsugár Sinka,hu HUN,FW,Hoffenheim,17,2006,1,0,7,0.1,0,0,0,0,0,0,0,0,0,0,0,0,0,0,0,0,0,0,0,0,0,0,0,0,0,Matches
258,Felicia Sophie Sträßer,de GER,DF,Carl-Zeiss Jena,16,2007,17,16,"1,443",16,0,0,0,0,0,0,3,0,0.3,0.3,0.1,0.5,7,30,13,0,0,0,0,0,0.02,0.01,0.03,0.02,0.03,Matches
259,Thalia Souza,br BRA,"FW,MF",Turbine Potsdam,20,2003,3,0,35,0.4,0,0,0,0,0,0,0,0,0,0,0,0,0,0,3,0,0,0,0,0,0.05,0,0.05,0.05,0.05,Matches
260,Kyra Spitzner,de GER,MF,RB Leipzig,19,2005,3,0,52,0.6,0,0,0,0,0,0,0,0,0,0,0,0,0,1,1,0,0,0,0,0,0,0,0,0,0,Matches
261,Georgia Stanway,eng ENG,MF,Bayern Munich,25,1999,12,12,"1,025",11.4,5,3,8,3,2,3,2,0,4.3,2,1.1,3.1,12,104,36,0.44,0.26,0.7,0.26,0.53,0.38,0.1,0.48,0.18,0.27,Matches
262,Sandra Starke,de GER,MF,RB Leipzig,31,1993,13,13,"1,125",12.5,0,1,1,0,0,0,2,0,0.3,0.3,0.7,1,10,46,13,0,0.08,0.08,0,0.08,0.02,0.06,0.08,0.02,0.08,Matches
263,Greta Stegemann,de GER,DF,Freiburg,23,2001,12,11,905,10.1,1,2,3,1,0,0,2,0,0.4,0.4,0.8,1.1,16,32,29,0.1,0.2,0.3,0.1,0.3,0.04,0.07,0.11,0.04,0.11,Matches
264,Marie Steiner,de GER,"MF,FW",Hoffenheim,18,2005,10,0,206,2.3,1,1,2,1,0,0,0,0,0.4,0.4,0.4,0.8,5,7,18,0.44,0.44,0.87,0.44,0.87,0.17,0.16,0.33,0.17,0.33,Matches
265,Maja Sternad,si SVN,"FW,MF",Werder Bremen,20,2003,14,8,621,6.9,0,1,1,0,0,0,0,0,0.5,0.5,0.3,0.7,13,8,33,0,0.14,0.14,0,0.14,0.07,0.04,0.11,0.07,0.11,Matches
266,Beke Sterner,de GER,DF,Essen,21,2003,21,21,"1,859",20.7,1,1,2,1,0,0,2,0,1,1,1.5,2.5,25,102,65,0.05,0.05,0.1,0.05,0.1,0.05,0.07,0.12,0.05,0.12,Matches
267,Samantha Steuerwald,de GER,DF,Freiburg,25,1998,19,15,"1,296",14.4,2,0,2,2,0,0,2,0,2.9,2.9,0.1,3,5,45,8,0.14,0,0.14,0.14,0.14,0.2,0.01,0.21,0.2,0.21,Matches
268,Julia Stierli,ch SUI,DF,Freiburg,27,1997,20,19,"1,612",17.9,0,0,0,0,0,0,1,1,0.9,0.9,0.3,1.2,6,73,4,0,0,0,0,0,0.05,0.02,0.07,0.05,0.07,Matches
269,Anna-Lena Stolze,de GER,FW,Köln,24,2000,1,1,15,0.2,0,0,0,0,0,0,0,0,0.1,0.1,0,0.1,0,0,2,0,0,0,0,0,0.69,0,0.69,0.69,0.69,Matches
270,Luca Stritzke,,DF,Turbine Potsdam,,,3,1,156,1.7,0,0,0,0,0,0,0,0,0,0,0,0,0,1,0,0,0,0,0,0,0,0,0,0,0,Matches
271,Nia Szenk,de GER,DF,Freiburg,20,2004,7,2,204,2.3,0,1,1,0,0,0,0,0,0,0,0.3,0.3,4,8,8,0,0.44,0.44,0,0.44,0.02,0.13,0.15,0.02,0.15,Matches
272,Momoko Tanikawa,jp JPN,"FW,MF",Bayern Munich,19,2005,6,3,236,2.6,0,0,0,0,0,0,0,0,0.9,0.9,0.3,1.2,5,15,19,0,0,0,0,0,0.35,0.12,0.47,0.35,0.47,Matches
273,Ena Taslidža,ba BIH,FW,Turbine Potsdam,22,2001,15,11,944,10.5,0,0,0,0,0,0,0,0,0.8,0.8,0.5,1.3,9,9,28,0,0,0,0,0,0.07,0.05,0.12,0.07,0.12,Matches
274,Jette ter Horst,de GER,"MF,DF",Essen,22,2002,11,1,233,2.6,0,0,0,0,0,0,0,0,1.4,1.4,0.4,1.8,2,2,9,0,0,0,0,0,0.56,0.15,0.71,0.56,0.71,Matches
275,Anna Terestyényi,hu HUN,GK,Turbine Potsdam,23,2001,1,1,90,1,0,0,0,0,0,0,0,0,0,0,0,0,0,0,0,0,0,0,0,0,0,0,0,0,0,Matches
276,Julie Terlinden,de GER,"FW,MF",Essen,17,2007,16,4,416,4.6,1,0,1,1,0,0,2,0,0.5,0.5,0,0.5,9,17,13,0.22,0,0.22,0.22,0.22,0.12,0,0.12,0.12,0.12,Matches
277,Martina Tufekovi?,hr CRO,GK,Hoffenheim,30,1994,1,1,24,0.3,0,0,0,0,0,0,0,0,0,0,0,0,0,0,0,0,0,0,0,0,0,0,0,0,0,Matches
278,Lilla Turányi,hu HUN,DF,Leverkusen,25,1998,20,19,"1,718",19.1,2,0,2,2,0,0,4,0,2.5,2.5,0,2.5,6,72,1,0.1,0,0.1,0.1,0.1,0.13,0,0.13,0.13,0.13,Matches
279,Michelle Ulbrich,de GER,DF,Bayern Munich,27,1996,4,1,129,1.4,1,0,1,1,0,0,0,0,0.3,0.3,0,0.3,1,14,0,0.7,0,0.7,0.7,0.7,0.22,0,0.22,0.22,0.22,Matches
280,Michelle Ulbrich,de GER,DF,Werder Bremen,27,1996,12,12,"1,080",12,2,2,4,1,1,2,3,0,2.2,0.8,0.8,1.6,6,59,1,0.17,0.17,0.33,0.08,0.25,0.19,0.07,0.26,0.07,0.14,Matches
281,Jella Veit,de GER,DF,Eint Frankfurt,19,2005,10,5,421,4.7,0,0,0,0,0,0,2,0,0.1,0.1,0.1,0.2,3,43,1,0,0,0,0,0,0.03,0.02,0.05,0.03,0.05,Matches
282,Lina Vianden,de GER,DF,Turbine Potsdam,22,2002,13,10,861,9.6,1,0,1,1,0,0,2,0,0.3,0.3,0.4,0.7,4,18,5,0.1,0,0.1,0.1,0.1,0.03,0.04,0.08,0.03,0.08,Matches
283,Juliette Vidal,fr FRA,"MF,DF",Leverkusen,25,1999,20,12,"1,140",12.7,0,1,1,0,0,0,2,0,0.4,0.4,0.5,0.9,9,43,14,0,0.08,0.08,0,0.08,0.03,0.04,0.07,0.03,0.07,Matches
284,Selina Vobian,de GER,"FW,MF",Freiburg,21,2002,22,21,"1,783",19.8,1,7,8,1,0,1,2,0,1.6,0.9,5.9,6.7,17,56,75,0.05,0.35,0.4,0.05,0.4,0.08,0.3,0.38,0.04,0.34,Matches
285,Laura Vogt,de GER,"DF,MF",Köln,23,2001,19,11,"1,101",12.2,1,2,3,1,0,0,5,0,0.2,0.2,0.9,1.1,13,35,3,0.08,0.16,0.25,0.08,0.25,0.02,0.08,0.09,0.02,0.09,Matches
286,Charlotte Voll,de GER,GK,Leverkusen,25,1999,2,2,180,2,0,0,0,0,0,0,0,0,0,0,0,0,1,0,0,0,0,0,0,0,0,0,0,0,0,Matches
287,Ricarda Walkling,de GER,MF,Werder Bremen,27,1997,22,19,"1,556",17.3,0,0,0,0,0,0,4,0,0.4,0.4,0.3,0.7,10,47,27,0,0,0,0,0,0.02,0.02,0.04,0.02,0.04,Matches
288,Carlotta Wamser,de GER,"DF,FW",Eint Frankfurt,20,2003,20,5,724,8,4,3,7,4,0,0,0,0,4.6,4.6,2.3,6.9,31,47,97,0.5,0.37,0.87,0.5,0.87,0.57,0.29,0.85,0.57,0.85,Matches
289,Tabea Waßmuth,de GER,"FW,MF",Wolfsburg,27,1996,4,0,94,1,0,1,1,0,0,0,0,0,0.3,0.3,0.2,0.5,0,4,10,0,0.96,0.96,0,0.96,0.27,0.17,0.44,0.27,0.44,Matches
290,Joelle Wedemeyer,de GER,DF,Wolfsburg,27,1996,16,7,882,9.8,2,0,2,2,0,0,1,0,0.5,0.5,0.3,0.9,34,83,42,0.2,0,0.2,0.2,0.2,0.05,0.03,0.09,0.05,0.09,Matches
291,Sophie Weidauer,de GER,"FW,MF",Werder Bremen,22,2002,21,18,"1,554",17.3,4,1,5,4,0,0,2,0,2,2,0.7,2.7,14,39,93,0.23,0.06,0.29,0.23,0.29,0.11,0.04,0.16,0.11,0.16,Matches
292,Michelle Weiß,de GER,DF,Hoffenheim,23,2001,8,1,184,2,0,1,1,0,0,0,0,0,0,0,0.4,0.5,1,5,10,0,0.49,0.49,0,0.49,0.02,0.21,0.23,0.02,0.23,Matches
293,Mia Werner,de GER,FW,RB Leipzig,18,2005,4,1,109,1.2,0,0,0,0,0,0,0,0,0,0,0,0,2,1,5,0,0,0,0,0,0,0,0,0,0,Matches
294,Zoè Werner,de GER,MF,RB Leipzig,18,2005,1,0,1,0,0,0,0,0,0,0,0,0,0,0,0,0,0,0,0,0,0,0,0,0,0,0,0,0,0,Matches
295,Martyna Wiankowska,pl POL,"DF,MF",Köln,27,1996,16,11,"1,028",11.4,0,0,0,0,0,0,3,0,0.7,0.7,0.6,1.3,24,23,49,0,0,0,0,0,0.07,0.05,0.12,0.07,0.12,Matches
296,Reena Wichmann,de GER,"MF,DF",Werder Bremen,26,1998,16,11,778,8.6,0,0,0,0,0,0,1,1,0.2,0.2,0.3,0.4,5,28,41,0,0,0,0,0,0.02,0.03,0.05,0.02,0.05,Matches
297,Verena Wieder,de GER,"FW,MF",Werder Bremen,24,2000,10,4,476,5.3,1,1,2,1,0,0,1,0,1.3,1.3,0.6,1.8,3,10,26,0.19,0.19,0.38,0.19,0.38,0.24,0.11,0.35,0.24,0.35,Matches
298,Lynn Wilms,nl NED,"DF,MF",Wolfsburg,23,2000,19,16,"1,373",15.3,4,3,7,3,1,1,2,0,1.4,0.7,4.8,5.5,20,92,84,0.26,0.2,0.46,0.2,0.39,0.09,0.32,0.41,0.05,0.36,Matches
299,Sophia Winkler,de GER,GK,Essen,21,2003,12,12,"1,080",12,0,0,0,0,0,0,1,0,0,0,0,0,1,0,0,0,0,0,0,0,0,0,0,0,0,Matches
300,Juliane Wirtz,de GER,"MF,DF",Werder Bremen,22,2001,13,6,626,7,0,0,0,0,0,0,1,0,0.3,0.3,0.1,0.3,1,34,5,0,0,0,0,0,0.04,0.01,0.05,0.04,0.05,Matches
301,Nicole Woldmann,de GER,MF,Carl-Zeiss Jena,21,2002,16,8,660,7.3,0,0,0,0,0,0,0,0,0.4,0.4,0.7,1.1,2,17,6,0,0,0,0,0,0.05,0.1,0.15,0.05,0.15,Matches
302,Pia-Sophie Wolter,de GER,DF,Eint Frankfurt,26,1997,21,17,"1,408",15.6,1,0,1,1,0,0,1,0,0.6,0.6,1.4,2,23,92,71,0.06,0,0.06,0.06,0.06,0.04,0.09,0.13,0.04,0.13,Matches
303,Sarah Zadrazil,at AUT,MF,Bayern Munich,31,1993,17,13,"1,198",13.3,1,0,1,1,0,0,1,0,0.6,0.6,0.6,1.2,7,56,30,0.08,0,0.08,0.08,0.08,0.04,0.05,0.09,0.04,0.09,Matches
304,Weronika Zawistowska,pl POL,"FW,MF",Bayern Munich,24,1999,8,1,167,1.9,1,0,1,1,0,0,0,0,0.9,0.9,0.2,1.1,5,3,22,0.54,0,0.54,0.54,0.54,0.51,0.09,0.61,0.51,0.61,Matches
305,Sofie Zdebel,de GER,MF,Leverkusen,19,2004,19,18,"1,536",17.1,1,0,1,1,0,0,3,0,0.7,0.7,0.7,1.4,13,62,28,0.06,0,0.06,0.06,0.06,0.04,0.04,0.08,0.04,0.08,Matches
306,Dóra Zeller,hu HUN,"MF,FW",Köln,29,1995,18,17,"1,439",16,2,0,2,2,0,0,1,0,2.5,2.5,1.7,4.2,18,43,72,0.13,0,0.13,0.13,0.13,0.16,0.11,0.26,0.16,0.26,Matches
307,Cora Zicai,de GER,FW,Freiburg,19,2004,20,18,"1,584",17.6,8,4,12,8,0,0,3,0,5.8,5.8,2.4,8.2,59,59,127,0.45,0.23,0.68,0.45,0.68,0.33,0.14,0.47,0.33,0.47,Matches
308,Taylor Ziemer,de GER,"FW,MF",Köln,26,1998,22,22,"1,959",21.8,4,2,6,4,0,0,1,0,4.6,4.6,3.7,8.3,33,71,90,0.18,0.09,0.28,0.18,0.28,0.21,0.17,0.38,0.21,0.38,Matches
309,Julia Zigiotti Olme,se SWE,MF,Bayern Munich,26,1997,16,9,837,9.3,0,0,0,0,0,0,3,0,0.6,0.6,0.6,1.2,2,64,25,0,0,0,0,0,0.06,0.06,0.12,0.06,0.12,Matches
